Frame,Time,Traffic Signal Status,Tracker ID,Class,Jaywalking,Center(x),Center(y),GPS(lat),GPS(lon),Marker
3,1652373015.469559,green,1,car,NA,197,479,38.90355862751765,-77.02579717294299,3
3,1652373015.469559,green,2,car,NA,60,301,38.90339007940082,-77.02599410477065,3
3,1652373015.4705563,green,3,person,NA,585,434,38.90362241147807,-77.02582646733298,3
3,1652373015.4715555,green,4,car,NA,477,267,38.903895396791164,-77.02686660061633,0
3,1652373015.4715555,green,5,car,NA,5,283,38.90322046256652,-77.02613238037814,3
4,1652373016.25266,green,1,car,NA,204,479,38.90355962063704,-77.02579738361064,3
4,1652373016.2536566,green,2,car,NA,50,299,38.90337504365176,-77.02600358556697,3
4,1652373016.2536566,green,3,person,NA,584,432,38.90362271050849,-77.02582741600305,3
4,1652373016.2546544,green,4,car,NA,479,266,38.90392613353882,-77.0269590039587,0
4,1652373016.2546544,green,5,car,NA,5,284,38.903231901972255,-77.02611983742035,3
4,1652373016.25565,green,7,person,NA,38,314,38.90341889269478,-77.02593734178978,3
5,1652373016.9936788,green,1,car,NA,211,480,38.90356069785748,-77.0257973340183,3
5,1652373016.9946756,green,2,car,NA,37,297,38.90335652432069,-77.02601342182498,3
5,1652373016.9946756,green,3,person,NA,584,429,38.903623447526854,-77.02582893838405,3
5,1652373016.9956722,green,4,car,NA,480,265,38.90395939907724,-77.02706685585682,0
5,1652373016.9956722,green,5,car,NA,4,284,38.90323090290667,-77.0261195992377,3
5,1652373016.9966733,green,7,person,NA,38,313,38.90341622776051,-77.02594063730973,3
6,1652373017.75429,green,1,car,NA,219,480,38.9035618281613,-77.02579757376589,3
6,1652373017.75429,green,2,car,NA,28,296,38.90334480943507,-77.02601825661716,3
6,1652373017.756286,green,3,person,NA,584,427,38.90362395305814,-77.02582998260661,3
6,1652373017.7592766,green,4,car,NA,481,265,38.90396228541451,-77.02706768670404,0
6,1652373017.7602763,green,5,car,NA,4,289,38.903278806606274,-77.02606725747381,3
6,1652373017.7622693,green,8,car,NA,30,297,38.90335153087489,-77.02601227655317,3
7,1652373018.4893236,green,1,car,NA,226,480,38.90356281731466,-77.0257977835742,3
7,1652373018.4893236,green,2,car,NA,22,296,38.90334043571021,-77.0260172512927,3
7,1652373018.4913197,green,3,person,NA,583,427,38.9036237671389,-77.02582994293795,3
7,1652373018.4953094,green,4,car,NA,482,264,38.90400224786835,-77.02719642920464,0
7,1652373018.4953094,green,5,car,NA,4,291,38.903294475401374,-77.02605013703466,3
7,1652373018.4963076,green,8,car,NA,27,296,38.90334408030411,-77.02601808902243,3
8,1652373019.2483284,green,1,car,NA,232,480,38.903563665262546,-77.02579796343154,3
8,1652373019.2493274,green,2,car,NA,16,295,38.90333031606888,-77.02602280017092,3
8,1652373019.25132,green,3,person,NA,583,427,38.9036237671389,-77.02582994293795,3
8,1652373019.2612932,green,4,car,NA,484,263,38.904054257990126,-77.02735370611776,0
8,1652373019.2622895,green,7,person,NA,31,314,38.903415267866464,-77.02593653210988,0
9,1652373019.989345,green,1,car,NA,239,479,38.903564588175804,-77.02579843736083,0
9,1652373019.99035,green,2,car,NA,12,293,38.90331483964913,-77.02603615771432,3
9,1652373019.993338,green,3,person,NA,584,423,38.903624999977545,-77.02583214511745,3
9,1652373019.9973254,green,4,car,NA,484,262,38.904110799156705,-77.02754613656747,0
9,1652373019.9983225,green,7,person,NA,29,315,38.90341688590519,-77.02593312872911,0
10,1652373020.73329,green,1,car,NA,246,473,38.903565197596244,-77.02580028891202,0
10,1652373020.734287,green,2,car,NA,4,292,38.90330171331999,-77.02604222855504,3
10,1652373020.7362854,green,3,person,NA,583,419,38.90362590264966,-77.0258343707147,3
10,1652373020.7372842,green,4,car,NA,485,262,38.90411475821278,-77.02754738541063,0
10,1652373020.7412689,green,10,car,NA,9,293,38.903312496528734,-77.02603561526271,3
11,1652373021.504755,green,1,car,NA,252,468,38.90356575638658,-77.02580191633338,0
11,1652373021.504755,green,3,person,NA,583,418,38.90362618422104,-77.02583495452595,0
11,1652373021.506743,green,4,car,NA,484,261,38.90418263490002,-77.02779062010322,0
11,1652373021.5147228,green,5,car,NA,3,289,38.90327794210271,-77.02606705505538,3
11,1652373021.5157187,green,7,person,NA,26,316,38.90341795126486,-77.02592972149021,3
11,1652373021.5157187,green,10,car,NA,7,292,38.903304113562534,-77.02604278569004,3
12,1652373022.258497,green,1,car,NA,257,465,38.903566316309046,-77.02580297476827,0
12,1652373022.258497,green,3,person,NA,583,417,38.90362646924338,-77.02583554549241,0
12,1652373022.2604923,green,4,car,NA,485,260,38.90428219428,-77.02811340664654,0
12,1652373022.2614899,green,5,car,NA,3,285,38.90324069753211,-77.02610760858613,3
12,1652373022.2654788,green,7,person,NA,25,317,38.903419970503215,-77.02592664058916,3
12,1652373022.2654788,green,11,car,NA,361,298,38.903591074513315,-77.02605991433784,2
13,1652373023.0114837,green,1,car,NA,259,459,38.903566238666386,-77.02580491957114,0
13,1652373023.0124834,green,3,person,NA,583,417,38.90362646924338,-77.02583554549241,0
13,1652373023.0144787,green,4,car,NA,486,259,38.90441877762602,-77.02855623047776,0
13,1652373023.017469,green,5,car,NA,4,284,38.90323090290667,-77.0261195992377,3
13,1652373023.018469,green,7,person,NA,23,317,38.90341898331113,-77.02592642079475,3
13,1652373023.019466,green,11,car,NA,357,299,38.903588010193374,-77.0260522313369,2
14,1652373023.7648711,green,1,car,NA,265,453,38.90356679836508,-77.02580711775687,1
14,1652373023.765868,green,3,person,NA,584,415,38.9036272497014,-77.02583679213446,1
14,1652373023.7678623,green,4,car,NA,485,259,38.90441249548607,-77.0285538926841,0
14,1652373023.7728508,green,5,car,NA,4,284,38.90323090290667,-77.0261195992377,3
14,1652373023.7728508,green,7,person,NA,21,317,38.90341799624807,-77.02592620102898,3
14,1652373023.7748458,green,11,car,NA,350,303,38.90358281225402,-77.02602593630355,2
15,1652373024.517376,green,1,car,NA,270,449,38.90356735438952,-77.02580869304873,1
15,1652373024.518375,green,3,person,NA,584,413,38.90362784746464,-77.02583802687084,1
15,1652373024.519371,green,4,car,NA,485,259,38.90441249548607,-77.0285538926841,0
15,1652373024.527349,green,5,car,NA,4,284,38.90323090290667,-77.0261195992377,3
15,1652373024.528348,green,7,person,NA,19,315,38.90341179337499,-77.02593199247754,3
15,1652373024.529342,green,11,car,NA,343,305,38.90357834210693,-77.02601382930465,2
16,1652373025.2889044,green,1,car,NA,275,444,38.90356787214787,-77.02581071054014,1
16,1652373025.2899034,green,3,person,NA,583,412,38.903627948409735,-77.02583861240201,1
16,1652373025.2928956,green,4,car,NA,486,258,38.904609943099494,-77.02919816387383,0
16,1652373025.2978826,green,5,car,NA,3,283,38.90321840043983,-77.02613188664328,3
16,1652373025.2978826,green,7,person,NA,18,315,38.90341128431088,-77.02593187889447,3
16,1652373025.298879,green,11,car,NA,338,307,38.90357540263866,-77.02600290007483,2
17,1652373026.0608397,green,1,car,NA,280,439,38.90356841782783,-77.02581283683071,1
17,1652373026.0608397,green,3,person,NA,583,411,38.90362825553539,-77.02583924919762,1
17,1652373026.0628364,green,4,car,NA,486,258,38.904609943099494,-77.02919816387383,0
17,1652373026.0658271,green,5,car,NA,3,283,38.90321840043983,-77.02613188664328,3
17,1652373026.0668275,green,7,person,NA,15,314,38.903406989074696,-77.0259346828717,3
17,1652373026.0678222,green,11,car,NA,332,309,38.90357209933464,-77.02599263022103,2
18,1652373026.8533032,green,1,car,NA,284,436,38.90356893508503,-77.02581420594741,1
18,1652373026.8543026,green,3,person,NA,583,411,38.90362825553539,-77.02583924919762,1
18,1652373026.8562932,green,4,car,NA,486,258,38.904609943099494,-77.02919816387383,0
18,1652373026.8602865,green,5,car,NA,3,283,38.90321840043983,-77.02613188664328,3
18,1652373026.8612792,green,7,person,NA,13,316,38.903411436280976,-77.02592826943136,3
18,1652373026.8612792,green,11,car,NA,325,311,38.903568470610224,-77.0259829519011,2
19,1652373027.6611426,green,1,car,NA,289,433,38.90356964808957,-77.02581565891936,1
19,1652373027.6621413,green,3,person,NA,584,406,38.903630063365384,-77.02584260402296,1
19,1652373027.665131,green,4,car,NA,487,258,38.9046177547976,-77.02920134451382,0
19,1652373027.6771078,green,5,car,NA,2,284,38.90322890517705,-77.02611912296813,3
19,1652373027.6780963,green,7,person,NA,12,317,38.90341355606035,-77.0259252124384,3
19,1652373027.6780963,green,11,car,NA,318,314,38.90356532676001,-77.02597005084596,2
20,1652373028.471283,green,1,car,NA,292,430,38.90357002240981,-77.02581708396356,1
20,1652373028.4722826,green,3,person,NA,584,403,38.903631076695184,-77.02584469715133,1
20,1652373028.474276,green,4,car,NA,487,257,38.90492421658733,-77.03022363767307,0
20,1652373028.4772692,green,5,car,NA,3,284,38.90322990397496,-77.02611936108697,3
20,1652373028.4782681,green,7,person,NA,9,318,38.90341463949612,-77.02592203309263,3
20,1652373028.4792638,green,11,car,NA,310,317,38.903561977248344,-77.02595825783916,3
21,1652373029.262688,green,1,car,NA,294,426,38.90357017038319,-77.02581898190763,1
21,1652373029.2646806,green,3,person,NA,584,401,38.90363177519779,-77.02584613997435,1
21,1652373029.268671,green,4,car,NA,487,257,38.90492421658733,-77.03022363767307,0
21,1652373029.2786443,green,5,car,NA,4,284,38.90323090290667,-77.0261195992377,3
21,1652373029.2786443,green,7,person,NA,8,318,38.903414153857646,-77.02592192507718,3
21,1652373029.2806385,green,11,car,NA,302,319,38.90355861503887,-77.02595070802853,3
22,1652373030.0441134,green,1,car,NA,297,421,38.90357046089641,-77.02582150214589,1
22,1652373030.0451083,green,3,person,NA,584,400,38.903632131616476,-77.02584687619078,1
22,1652373030.046107,green,4,car,NA,487,257,38.90492421658733,-77.03022363767307,0
22,1652373030.0501008,green,5,car,NA,4,285,38.903241666336285,-77.0261078386244,3
22,1652373030.0510952,green,7,person,NA,5,316,38.903407429853274,-77.02592737647923,3
22,1652373030.0520914,green,11,car,NA,291,323,38.90355476915626,-77.0259374253385,0
23,1652373030.7991354,green,1,car,NA,300,419,38.90357093039796,-77.02582262728356,1
23,1652373030.8001347,green,3,person,NA,584,399,38.90363249294511,-77.02584762254916,1
23,1652373030.80213,green,4,car,NA,487,256,38.90548742038729,-77.03210236908713,0
23,1652373030.8071163,green,5,car,NA,3,285,38.90324069753211,-77.02610760858613,3
23,1652373030.80811,green,7,person,NA,3,319,38.903414255246986,-77.02591863129356,3
23,1652373030.8091094,green,11,car,NA,281,327,38.903551776557315,-77.02592568617749,0
24,1652373031.5425298,green,1,car,NA,302,417,38.90357121547718,-77.02582373812007,1
24,1652373031.5435274,green,3,person,NA,584,398,38.903632859285764,-77.0258483792604,1
24,1652373031.5455263,green,4,car,NA,487,256,38.90548742038729,-77.03210236908713,0
24,1652373031.555497,green,5,car,NA,3,285,38.90324069753211,-77.02610760858613,3
24,1652373031.5584855,green,7,person,NA,2,319,38.90341377702596,-77.02591852503288,3
24,1652373031.5644968,green,11,car,NA,270,331,38.90354868152611,-77.0259150692709,0
25,1652373032.3075006,green,1,car,NA,305,413,38.90357160624898,-77.02582600045466,1
25,1652373032.3084857,green,3,person,NA,583,397,38.903633005734484,-77.0258490982799,1
25,1652373032.3104768,green,4,car,NA,487,256,38.90548742038729,-77.03210236908713,0
25,1652373032.3184562,green,5,car,NA,3,285,38.90324069753211,-77.02610760858613,3
25,1652373032.3204563,green,7,person,NA,2,317,38.90340862557963,-77.02592411468603,3
25,1652373032.3244436,green,11,car,NA,258,336,38.903545911780064,-77.02590339605736,0
26,1652373033.0395262,green,1,car,NA,307,408,38.903571760316034,-77.02582891542752,1
26,1652373033.0405247,green,3,person,NA,583,396,38.90363338082922,-77.02584987600288,1
26,1652373033.0425227,green,4,car,NA,487,256,38.90548742038729,-77.03210236908713,0
26,1652373033.045509,green,5,car,NA,4,285,38.903241666336285,-77.0261078386244,3
26,1652373033.0465112,green,7,person,NA,0,317,38.903407639869876,-77.0259238952216,3
26,1652373033.0475063,green,11,car,NA,245,340,38.903542673407124,-77.02589475550285,0
27,1652373033.7725773,green,1,car,NA,309,403,38.90357192467919,-77.02583202520492,1
27,1652373033.7735753,green,3,person,NA,582,394,38.903633917238345,-77.02585141540735,1
27,1652373033.776573,green,5,car,NA,4,285,38.903241666336285,-77.0261078386244,3
27,1652373033.7855418,green,11,car,NA,231,345,38.90353980817288,-77.02588519041251,3
28,1652373034.5005605,green,1,car,NA,310,399,38.903571932204045,-77.02583463844904,1
28,1652373034.5015578,green,3,person,NA,582,393,38.903634306960825,-77.02585222652887,1
28,1652373034.503554,green,5,car,NA,4,285,38.903241666336285,-77.0261078386244,3
28,1652373034.5075433,green,11,car,NA,214,349,38.90353579711302,-77.02587783895919,3
29,1652373035.2238915,green,1,car,NA,311,397,38.903572047731956,-77.02583602357235,1
29,1652373035.22489,green,3,person,NA,582,391,38.90363510345062,-77.02585388424696,1
29,1652373035.225886,green,5,car,NA,4,285,38.903241666336285,-77.0261078386244,3
29,1652373035.2308748,green,11,car,NA,197,356,38.90353349517972,-77.02586721972199,3
30,1652373035.9788728,green,1,car,NA,312,391,38.90357194856534,-77.02584032046083,1
30,1652373035.9798703,green,3,person,NA,582,389,38.90363592350738,-77.02585559101449,1
30,1652373035.9818647,green,5,car,NA,4,285,38.903241666336285,-77.0261078386244,3
30,1652373035.9858541,green,11,car,NA,178,365,38.903531776480115,-77.02585570266345,3
31,1652373036.7533932,green,1,car,NA,311,387,38.90357147766979,-77.02584331334222,1
31,1652373036.754389,green,3,person,NA,582,388,38.90363634270266,-77.02585646347715,1
31,1652373036.7563834,green,5,car,NA,3,285,38.90324069753211,-77.02610760858613,3
31,1652373036.76536,green,11,car,NA,157,373,38.90352937038846,-77.02584668470877,1
32,1652373037.532837,green,1,car,NA,311,385,38.903571353273506,-77.02584490408141,1
32,1652373037.5338354,green,3,person,NA,582,387,38.903636768192776,-77.02585734904112,1
32,1652373037.5368268,green,5,car,NA,3,285,38.90324069753211,-77.02610760858613,3
32,1652373037.5398192,green,11,car,NA,133,381,38.90352651730847,-77.0258386378262,1
33,1652373038.3162572,green,1,car,NA,310,381,38.90357084164283,-77.02584818090097,1
33,1652373038.3182533,green,3,person,NA,581,387,38.90363652624107,-77.02585729702804,1
33,1652373038.3212428,green,5,car,NA,3,285,38.90324069753211,-77.02610760858613,3
33,1652373038.324236,green,11,car,NA,109,387,38.90352317176665,-77.0258329288778,1
34,1652373039.1066585,green,1,car,NA,308,377,38.90357003770862,-77.02585161354608,1
34,1652373039.1076593,green,3,person,NA,581,386,38.903636956331624,-77.0258581955828,1
34,1652373039.1106508,green,5,car,NA,3,285,38.90324069753211,-77.02610760858613,3
34,1652373039.1156378,green,11,car,NA,81,393,38.90351920277309,-77.02582751675241,1
35,1652373039.9140215,green,1,car,NA,306,375,38.903569352469134,-77.0258533575274,1
35,1652373039.9160166,green,3,person,NA,581,384,38.90363783633419,-77.0258600341037,1
35,1652373039.9200096,green,5,car,NA,3,285,38.90324069753211,-77.02610760858613,3
35,1652373039.9229994,green,11,car,NA,60,402,38.903518349964656,-77.02582118555345,1
36,1652373040.701955,green,1,car,NA,303,371,38.90356818470999,-77.02585708162219,1
36,1652373040.701955,green,3,person,NA,581,380,38.90363968002317,-77.02586388597967,1
36,1652373040.7049387,green,5,car,NA,4,285,38.903241666336285,-77.0261078386244,3
36,1652373040.711918,green,11,car,NA,43,409,38.90351761852848,-77.0258167386006,1
37,1652373041.4809313,green,1,car,NA,299,368,38.90356676647517,-77.02585993905889,1
37,1652373041.4819295,green,3,person,NA,580,383,38.90363803708931,-77.02586092102925,1
37,1652373041.4849188,green,5,car,NA,5,285,38.903242635266295,-77.02610806869254,3
37,1652373041.488911,green,11,car,NA,28,412,38.90351577695403,-77.0258146219363,1
38,1652373042.268365,green,1,car,NA,295,365,38.90356527233506,-77.02586294942844,1
38,1652373042.2693615,green,3,person,NA,580,379,38.903639901888546,-77.02586483194648,1
38,1652373042.2713563,green,5,car,NA,5,285,38.903242635266295,-77.02610806869254,3
38,1652373042.2753444,green,11,car,NA,13,417,38.90351480310465,-77.02581168316105,1
39,1652373043.0353792,green,1,car,NA,292,363,38.903564133638206,-77.02586502639669,1
39,1652373043.0353792,green,3,person,NA,580,377,38.90364087970031,-77.02586688264489,1
39,1652373043.0373762,green,5,car,NA,5,285,38.903242635266295,-77.02610806869254,3
40,1652373043.797358,green,1,car,NA,286,360,38.90356189552215,-77.0258681896223,0
40,1652373043.797358,green,3,person,NA,580,376,38.90364138060959,-77.02586793316803,0
40,1652373043.7993534,green,5,car,NA,6,285,38.90324360432206,-77.02610829879053,3
41,1652373044.5423658,green,1,car,NA,281,359,38.90356021232378,-77.02586908661371,0
41,1652373044.5433645,green,3,person,NA,580,375,38.90364188978529,-77.02586900102774,0
41,1652373044.5453587,green,5,car,NA,5,285,38.903242635266295,-77.02610806869254,3
42,1652373045.262511,green,1,car,NA,276,357,38.90355829340994,-77.02587126685533,0
42,1652373045.262511,green,3,person,NA,579,375,38.90364162379626,-77.02586894366418,0
42,1652373045.2655046,green,5,car,NA,5,285,38.903242635266295,-77.02610806869254,3
43,1652373045.9766004,green,1,car,NA,269,354,38.903555432005454,-77.02587473303826,0
43,1652373045.9775999,green,3,person,NA,579,375,38.90364162379626,-77.02586894366418,0
43,1652373045.979594,green,5,car,NA,5,285,38.903242635266295,-77.02610806869254,3
44,1652373046.6667936,green,1,car,NA,262,349,38.9035518269329,-77.02588132937824,0
44,1652373046.66779,green,3,person,NA,579,374,38.90364213922261,-77.02587002879687,0
44,1652373046.6697814,green,5,car,NA,5,285,38.903242635266295,-77.02610806869254,3
45,1652373047.369912,green,1,car,NA,255,347,38.903548844048295,-77.02588385163534,0
45,1652373047.370911,green,3,person,NA,577,374,38.90364160282858,-77.0258699130833,0
45,1652373047.372906,green,5,car,NA,6,285,38.90324360432206,-77.02610829879053,3
46,1652373048.1155329,green,1,car,NA,248,345,38.90354573227367,-77.02588648287879,0
46,1652373048.1165316,green,3,person,NA,577,368,38.90364485665512,-77.0258768166527,0
46,1652373048.118526,green,5,car,NA,8,285,38.90324554281114,-77.0261087590763,3
47,1652373048.8715365,green,1,car,NA,241,342,38.90354206476143,-77.02589092554636,0
47,1652373048.8725355,green,3,person,NA,576,364,38.903646930093885,-77.02588177334738,0
47,1652373048.8745291,green,5,car,NA,7,284,38.90323390050489,-77.02612031388149,3
48,1652373049.620536,green,1,car,NA,232,340,38.903537883480304,-77.02589370766799,3
48,1652373049.621533,green,3,person,NA,576,362,38.90364817329688,-77.02588442132823,3
48,1652373049.6235282,green,5,car,NA,6,284,38.903232901171634,-77.0261200756349,3
49,1652373050.3570397,green,1,car,NA,225,338,38.903534260845476,-77.02589678462704,3
49,1652373050.3580365,green,3,person,NA,576,361,38.9036488122939,-77.0258857823705,3
49,1652373050.3600304,green,5,car,NA,6,283,38.90322149384386,-77.02613262729682,3
50,1652373051.1150446,green,1,car,NA,217,336,38.90353007904038,-77.02589992427299,3
50,1652373051.1160412,green,3,person,NA,576,361,38.9036488122939,-77.0258857823705,3
50,1652373051.1180356,green,5,car,NA,7,283,38.903222525263914,-77.02613287424978,3
51,1652373051.873533,green,1,car,NA,210,335,38.90352674121877,-77.02590129412624,3
51,1652373051.873533,green,3,person,NA,575,360,38.90364915963852,-77.02588710322364,3
51,1652373051.8765254,green,5,car,NA,7,284,38.90323390050489,-77.02612031388149,3
52,1652373052.6440587,green,1,car,NA,201,333,38.90352181791756,-77.0259045742463,3
52,1652373052.6450555,green,3,person,NA,574,359,38.90364951357246,-77.02588844913414,3
52,1652373052.6470501,green,5,car,NA,7,284,38.90323390050489,-77.02612031388149,3
53,1652373053.3956175,green,1,car,NA,193,331,38.903517054431774,-77.02590811114409,3
53,1652373053.3956175,green,3,person,NA,574,358,38.90365018380217,-77.02588988795837,3
53,1652373053.3986118,green,5,car,NA,8,284,38.903234899972105,-77.02612055215988,3
54,1652373054.1591656,green,1,car,NA,184,328,38.903510714942534,-77.02591404881852,3
54,1652373054.1591656,green,3,person,NA,572,359,38.90364890046137,-77.02588831619786,3
54,1652373054.1611583,green,5,car,NA,7,284,38.90323390050489,-77.02612031388149,3
55,1652373054.9151816,green,1,car,NA,176,326,38.90350532624697,-77.025918083348,3
55,1652373054.9161763,green,3,person,NA,572,358,38.90364956478052,-77.02588975368833,3
55,1652373054.9181721,green,4,car,NA,483,245,38.90306528071875,-77.0239759286159,0
55,1652373054.9211638,green,5,car,NA,7,284,38.90323390050489,-77.02612031388149,3
56,1652373055.667172,green,1,car,NA,167,324,38.90349918732913,-77.02592224366505,3
56,1652373055.6681695,green,4,car,NA,482,245,38.90306888718321,-77.02397627391699,0
56,1652373055.6691656,green,5,car,NA,7,284,38.90323390050489,-77.02612031388149,3
57,1652373056.4251711,green,1,car,NA,159,322,38.903493158431765,-77.02592674500065,3
57,1652373056.4261713,green,4,car,NA,482,245,38.90306888718321,-77.02397627391699,0
57,1652373056.4271686,green,5,car,NA,7,283,38.903222525263914,-77.02613287424978,3
58,1652373057.1803713,green,1,car,NA,150,320,38.903486297543054,-77.02593140686437,3
58,1652373057.1813686,green,4,car,NA,482,245,38.90306888718321,-77.02397627391699,0
58,1652373057.1843612,green,5,car,NA,7,284,38.90323390050489,-77.02612031388149,3
59,1652373057.9369664,green,1,car,NA,140,319,38.9034800591515,-77.0259332529162,3
59,1652373057.9369664,green,4,car,NA,483,244,38.90311883937918,-77.02415944992231,0
59,1652373057.9399605,green,5,car,NA,7,284,38.90323390050489,-77.02612031388149,3
60,1652373058.7079067,green,1,car,NA,131,317,38.903472476998644,-77.02593833095632,3
60,1652373058.7089028,green,3,person,NA,569,358,38.90364863634173,-77.02588955230355,3
60,1652373058.7108967,green,4,car,NA,483,245,38.90306528071875,-77.0239759286159,0
60,1652373058.7108967,green,5,car,NA,7,284,38.90323390050489,-77.02612031388149,3
61,1652373059.4579358,green,1,car,NA,123,317,38.90346850151169,-77.02593744582961,3
61,1652373059.4579358,green,3,person,NA,569,358,38.90364863634173,-77.02588955230355,3
61,1652373059.460924,green,4,car,NA,483,245,38.90306528071875,-77.0239759286159,0
61,1652373059.4649174,green,5,car,NA,6,284,38.903232901171634,-77.0261200756349,3
62,1652373060.1530752,green,1,car,NA,114,315,38.90346031153258,-77.02594281790876,3
62,1652373060.1530752,green,3,person,NA,568,358,38.90364832688711,-77.02588948518073,3
62,1652373060.1550686,green,5,car,NA,5,284,38.903231901972255,-77.02611983742035,3
63,1652373060.852378,green,1,car,NA,106,313,38.90345211137264,-77.02594866189719,3
63,1652373060.853378,green,3,person,NA,567,357,38.90364867957771,-77.02589088000626,3
63,1652373060.8563597,green,5,car,NA,4,284,38.90323090290667,-77.0261195992377,3
64,1652373061.5375671,green,1,car,NA,99,311,38.90344389910234,-77.02595502666694,3
64,1652373061.538563,green,3,person,NA,566,357,38.90364836713685,-77.02589081220883,3
64,1652373061.5405593,green,5,car,NA,5,284,38.903231901972255,-77.02611983742035,3
65,1652373062.2147596,green,1,car,NA,90,309,38.90343397554999,-77.02596158671084,3
65,1652373062.215754,green,3,person,NA,565,357,38.90364805470872,-77.02589074441417,3
65,1652373062.2187467,green,5,car,NA,5,284,38.903231901972255,-77.02611983742035,3
66,1652373062.9391456,green,1,car,NA,81,307,38.90342332711604,-77.02596862594382,3
66,1652373062.9401438,green,5,car,NA,5,284,38.903231901972255,-77.02611983742035,3
67,1652373063.6991143,green,1,car,NA,63,304,38.903403026184094,-77.02597957417495,3
67,1652373063.7001107,green,3,person,NA,564,357,38.90364774229332,-77.02589067662227,3
67,1652373063.7021055,green,5,car,NA,5,283,38.90322046256652,-77.02613238037814,3
68,1652373064.4341812,green,1,car,NA,51,301,38.90338417187662,-77.02599276043667,3
68,1652373064.4341812,green,3,person,NA,564,357,38.90364774229332,-77.02589067662227,3
68,1652373064.4361808,green,4,car,NA,482,247,38.90291415455821,-77.02344243626148,0
68,1652373064.4391706,green,5,car,NA,5,283,38.90322046256652,-77.02613238037814,3
69,1652373065.160242,green,1,car,NA,51,302,38.903388137060055,-77.02598760383472,3
69,1652373065.1612399,green,3,person,NA,564,357,38.90364774229332,-77.02589067662227,3
69,1652373065.1642308,green,4,car,NA,481,247,38.90291880686714,-77.02344271629258,0
69,1652373065.1672242,green,5,car,NA,5,283,38.90322046256652,-77.02613238037814,3
70,1652373065.8938346,green,1,car,NA,45,302,38.90338428007325,-77.02598672767766,3
70,1652373065.8938346,green,3,person,NA,564,356,38.90364840817068,-77.02589216509043,3
70,1652373065.8958273,green,5,car,NA,5,283,38.90322046256652,-77.02613238037814,3
71,1652373066.6538358,green,1,car,NA,37,301,38.903374991592074,-77.02599067134351,3
71,1652373066.654835,green,3,person,Not Jaywalking,564,354,38.90364977978825,-77.02589523113403,4
71,1652373066.656831,green,4,car,NA,481,248,38.902800796511805,-77.02303275669334,0
71,1652373066.6578262,green,5,car,NA,4,289,38.903278806606274,-77.02606725747381,3
72,1652373067.3988185,green,1,car,NA,31,300,38.903366654528774,-77.02599508362437,3
72,1652373067.399819,green,3,person,Not Jaywalking,564,354,38.90364977978825,-77.02589523113403,4
72,1652373067.4018085,green,4,car,NA,481,248,38.902800796511805,-77.02303275669334,0
72,1652373067.4028068,green,5,car,NA,4,286,38.90325178531132,-77.0260967821713,3
73,1652373068.1389704,green,1,car,NA,26,298,38.903353771763214,-77.02600560121519,3
73,1652373068.1399708,green,3,person,Not Jaywalking,564,353,38.903650486331934,-77.02589681050557,4
73,1652373068.1409662,green,5,car,NA,4,286,38.90325178531132,-77.0260967821713,3
73,1652373068.1449547,green,7,person,NA,3,278,38.90314729876159,-77.02620930528559,0
74,1652373068.8760037,green,1,car,NA,21,297,38.90334511560011,-77.02601080517798,0
74,1652373068.8767674,green,3,person,Not Jaywalking,563,352,38.90365087888292,-77.02589835062963,4
74,1652373068.878671,green,7,person,NA,4,276,38.90311168178933,-77.02624986566038,0
75,1652373069.6132188,green,1,car,NA,17,296,38.9033367928836,-77.02601641396902,3
75,1652373069.6142144,green,3,person,Not Jaywalking,563,351,38.903651611249494,-77.02589999453966,4
76,1652373070.3482537,green,1,car,NA,13,295,38.90332808074481,-77.02602228519707,3
76,1652373070.3492525,green,3,person,Not Jaywalking,563,350,38.903652358837654,-77.0259016726169,4
77,1652373071.0895889,green,1,car,NA,9,294,38.90331895119719,-77.02602843772246,3
77,1652373071.090585,green,3,person,Not Jaywalking,562,349,38.90365278336813,-77.02590331217445,4
78,1652373071.8046887,green,1,car,NA,2,293,38.90330703209378,-77.02603435020117,3
78,1652373071.805688,green,3,person,Not Jaywalking,563,347,38.903654697829744,-77.02590692284633,4
79,1652373072.4689946,green,3,person,Not Jaywalking,563,346,38.90365551130859,-77.02590874882542,4
80,1652373073.1417294,green,3,person,Not Jaywalking,563,346,38.90365551130859,-77.02590874882542,4
80,1652373073.142723,green,7,person,NA,4,284,38.90323090290667,-77.0261195992377,0
81,1652373073.8254294,green,3,person,Not Jaywalking,563,346,38.90365551130859,-77.02590874882542,4
81,1652373073.8264265,green,7,person,NA,4,284,38.90323090290667,-77.0261195992377,0
82,1652373074.5175772,green,3,person,Not Jaywalking,563,345,38.903656342621545,-77.0259106148359,4
82,1652373074.5185745,green,7,person,NA,4,284,38.90323090290667,-77.0261195992377,0
83,1652373075.2118323,green,3,person,Not Jaywalking,563,346,38.90365551130859,-77.02590874882542,4
83,1652373075.2128325,green,7,person,NA,4,284,38.90323090290667,-77.0261195992377,0
84,1652373075.9040153,green,3,person,Not Jaywalking,563,345,38.903656342621545,-77.0259106148359,4
84,1652373075.9050143,green,7,person,NA,4,284,38.90323090290667,-77.0261195992377,0
85,1652373076.604655,green,3,person,Not Jaywalking,563,344,38.90365719236153,-77.02591252220864,4
85,1652373076.604655,green,5,car,NA,3,284,38.90322990397496,-77.02611936108697,3
85,1652373076.60665,green,7,person,NA,4,284,38.90323090290667,-77.0261195992377,0
86,1652373077.3138437,green,3,person,Not Jaywalking,563,343,38.903658061148114,-77.02591447233453,4
86,1652373077.31484,green,4,car,NA,478,249,38.90265114234012,-77.02244439268746,0
86,1652373077.3168375,green,5,car,NA,3,284,38.90322990397496,-77.02611936108697,3
86,1652373077.3198264,green,7,person,NA,4,284,38.90323090290667,-77.0261195992377,0
87,1652373078.0035253,green,3,person,Not Jaywalking,563,342,38.90365894962897,-77.0259164666672,4
87,1652373078.004525,green,4,car,NA,477,249,38.90265770911318,-77.02244433802333,0
87,1652373078.0065157,green,5,car,NA,3,284,38.90322990397496,-77.02611936108697,3
88,1652373078.7022038,green,3,person,Not Jaywalking,563,341,38.90365985848138,-77.02591850672698,4
88,1652373078.7032044,green,5,car,NA,3,284,38.90322990397496,-77.02611936108697,3
89,1652373079.4287777,green,3,person,Not Jaywalking,564,341,38.90366022848866,-77.02591858762361,4
89,1652373079.4297745,green,5,car,NA,3,284,38.90322990397496,-77.02611936108697,3
90,1652373080.154486,green,3,person,Not Jaywalking,564,340,38.9036611627353,-77.02592067599068,4
90,1652373080.155485,green,5,car,NA,3,285,38.90324069753211,-77.02610760858613,3
91,1652373080.9031465,green,3,person,Not Jaywalking,564,340,38.9036611627353,-77.02592067599068,4
91,1652373080.9041424,green,5,car,NA,4,285,38.903241666336285,-77.0261078386244,3
92,1652373081.638693,green,3,person,Not Jaywalking,564,339,38.903662118906034,-77.0259228133658,4
92,1652373081.6396914,green,5,car,NA,4,285,38.903241666336285,-77.0261078386244,3
93,1652373082.3903842,green,3,person,Not Jaywalking,564,340,38.9036611627353,-77.02592067599068,4
93,1652373082.3913836,green,5,car,NA,5,285,38.903242635266295,-77.02610806869254,3
93,1652373082.394374,green,22,car,NA,420,252,38.90194671169628,-77.01571985155566,0
94,1652373083.1200266,green,3,person,Not Jaywalking,564,338,38.90366309778188,-77.02592500149464,4
94,1652373083.121024,green,5,car,NA,4,285,38.903241666336285,-77.0261078386244,3
94,1652373083.1220222,green,22,car,NA,420,252,38.90194671169628,-77.01571985155566,0
95,1652373083.8590493,green,3,person,Not Jaywalking,564,337,38.90366410018122,-77.02592724220678,4
95,1652373083.8600502,green,4,car,NA,474,249,38.90267744557937,-77.02244417372957,0
95,1652373083.8620434,green,5,car,NA,5,285,38.903242635266295,-77.02610806869254,3
95,1652373083.863041,green,22,car,NA,419,252,38.901966220080695,-77.01571005678404,0
96,1652373084.6075153,green,3,person,Not Jaywalking,563,336,38.9036647343307,-77.02592945132479,4
96,1652373084.6085114,green,4,car,NA,474,250,38.90242580241654,-77.02152533742917,0
96,1652373084.610507,green,5,car,NA,5,284,38.903231901972255,-77.02611983742035,3
96,1652373084.614498,green,22,car,NA,419,252,38.901966220080695,-77.01571005678404,0
97,1652373085.3565137,green,3,person,NA,563,335,38.9036657815331,-77.02593180193251,0
97,1652373085.3575127,green,4,car,NA,474,250,38.90242580241654,-77.02152533742917,0
97,1652373085.359504,green,5,car,NA,6,284,38.903232901171634,-77.0261200756349,3
97,1652373085.3634963,green,22,car,NA,419,252,38.901966220080695,-77.01571005678404,0
98,1652373086.1088367,green,3,person,NA,563,334,38.90366685484129,-77.02593421113879,0
98,1652373086.1098342,green,4,car,NA,474,250,38.90242580241654,-77.02152533742917,0
98,1652373086.1118283,green,5,car,NA,6,284,38.903232901171634,-77.0261200756349,3
98,1652373086.115818,green,22,car,NA,419,252,38.901966220080695,-77.01571005678404,0
99,1652373086.8628235,green,3,person,NA,563,334,38.90366685484129,-77.02593421113879,0
99,1652373086.8638177,green,4,car,NA,473,250,38.902434084971205,-77.02152472790192,0
99,1652373086.8668087,green,5,car,NA,6,284,38.903232901171634,-77.0261200756349,3
99,1652373086.8698025,green,22,car,NA,420,252,38.90194671169628,-77.01571985155566,0
100,1652373087.5871823,green,3,person,NA,563,334,38.90366685484129,-77.02593421113879,0
100,1652373087.5881805,green,4,car,NA,473,249,38.90268403647837,-77.02244411886461,0
100,1652373087.5901718,green,5,car,NA,6,284,38.903232901171634,-77.0261200756349,3
100,1652373087.5911703,green,22,car,NA,420,252,38.90194671169628,-77.01571985155566,0
101,1652373088.3257205,green,3,person,NA,563,334,38.90366685484129,-77.02593421113879,0
101,1652373088.3267179,green,4,car,NA,472,249,38.90269063342914,-77.02244406394927,0
101,1652373088.3287132,green,5,car,NA,5,284,38.903231901972255,-77.02611983742035,3
102,1652373089.0706468,green,3,person,NA,563,333,38.90366795524388,-77.02593668116256,3
102,1652373089.0706468,green,4,car,NA,472,249,38.90269063342914,-77.02244406394927,0
102,1652373089.0726411,green,5,car,NA,5,284,38.903231901972255,-77.02611983742035,3
103,1652373089.7897937,green,3,person,NA,563,333,38.90366795524388,-77.02593668116256,3
103,1652373089.7907894,green,4,car,NA,471,249,38.9026972364404,-77.02244400898348,0
103,1652373089.792785,green,5,car,NA,5,284,38.903231901972255,-77.02611983742035,3
104,1652373090.4949071,green,3,person,NA,562,331,38.90366982336215,-77.02594172111073,3
104,1652373090.495904,green,5,car,NA,4,285,38.903241666336285,-77.0261078386244,3
104,1652373090.4988954,green,23,person,Jaywalking,408,404,38.90359307706549,-77.02583592449437,1
105,1652373091.207003,green,3,person,Jaywalking,562,329,38.90367222004284,-77.02594712334013,1
105,1652373091.2080019,green,5,car,NA,4,285,38.903241666336285,-77.0261078386244,3
105,1652373091.2099957,green,23,person,Jaywalking,400,404,38.90359136976715,-77.02583555881596,1
106,1652373091.9111192,green,3,person,Jaywalking,562,328,38.90367346681434,-77.02594993362086,1
106,1652373091.9121175,green,5,car,NA,5,285,38.903242635266295,-77.02610806869254,3
106,1652373091.914114,green,23,person,Jaywalking,392,404,38.90358966285035,-77.02583519321925,1
107,1652373092.622129,green,3,person,Jaywalking,562,328,38.90367346681434,-77.02594993362086,1
107,1652373092.6231272,green,5,car,NA,5,285,38.903242635266295,-77.02610806869254,3
107,1652373092.6251192,green,23,person,Jaywalking,383,401,38.90358790704829,-77.02583673853762,1
108,1652373093.335223,green,3,person,Jaywalking,562,327,38.90367474763688,-77.02595282065417,1
108,1652373093.335223,green,5,car,NA,5,285,38.903242635266295,-77.02610806869254,3
108,1652373093.3382158,green,23,person,Jaywalking,376,400,38.90358642960124,-77.02583707976724,1
109,1652373094.0639453,green,3,person,Jaywalking,561,327,38.90367430649802,-77.02595272331362,1
109,1652373094.0649424,green,4,car,NA,468,249,38.902717081921,-77.02244384378302,0
109,1652373094.066938,green,5,car,NA,5,285,38.903242635266295,-77.02610806869254,3
109,1652373094.0709252,green,23,person,Jaywalking,367,393,38.903584698158795,-77.02584157685197,1
110,1652373094.7934346,green,3,person,Jaywalking,562,328,38.90367346681434,-77.02594993362086,1
110,1652373094.7944303,green,4,car,NA,467,250,38.90248398521384,-77.02152105565868,0
110,1652373094.796429,green,5,car,NA,6,285,38.90324360432206,-77.02610829879053,3
110,1652373094.8014147,green,23,person,Jaywalking,361,390,38.903583398368866,-77.02584353665529,1
111,1652373095.5259883,green,3,person,Jaywalking,562,325,38.90367741717159,-77.02595883790919,1
111,1652373095.5269823,green,4,car,NA,466,250,38.90249233623537,-77.02152044109285,0
111,1652373095.5289805,green,5,car,NA,6,284,38.903232901171634,-77.0261200756349,3
111,1652373095.53696,green,23,person,Jaywalking,352,391,38.903581271967305,-77.02584232284957,1
112,1652373096.2522528,green,3,person,Jaywalking,562,325,38.90367741717159,-77.02595883790919,1
112,1652373096.2532523,green,4,car,NA,466,251,38.90206900377685,-77.01987821845243,0
112,1652373096.2552464,green,5,car,NA,5,284,38.903231901972255,-77.02611983742035,3
112,1652373096.2592359,green,23,person,Jaywalking,343,392,38.90357917681026,-77.02584112687906,1
113,1652373097.0092585,green,3,person,Jaywalking,562,324,38.90367880895627,-77.02596197505636,1
113,1652373097.0102587,green,4,car,NA,465,251,38.90208027550421,-77.01987601750923,0
113,1652373097.012252,green,5,car,NA,5,284,38.903231901972255,-77.02611983742035,3
113,1652373097.012252,green,23,person,Jaywalking,335,391,38.903577308129464,-77.0258414715354,1
114,1652373097.7491229,green,3,person,Jaywalking,561,323,38.90367977415535,-77.02596509949309,1
114,1652373097.750121,green,4,car,NA,465,251,38.90208027550421,-77.01987601750923,0
114,1652373097.7521148,green,5,car,NA,5,284,38.903231901972255,-77.02611983742035,3
114,1652373097.753124,green,23,person,Jaywalking,330,393,38.903576193217816,-77.02583975106964,1
115,1652373098.483322,green,3,person,Jaywalking,561,322,38.90368124123683,-77.02596842026885,1
115,1652373098.483322,green,4,car,NA,464,251,38.902091565722515,-77.01987381295547,0
115,1652373098.485311,green,5,car,NA,5,283,38.90322046256652,-77.02613238037814,3
115,1652373098.4893003,green,23,person,Jaywalking,321,392,38.90357408589955,-77.02584003375208,1
116,1652373099.2073781,green,3,person,Jaywalking,560,322,38.90368076758584,-77.02596831531757,1
116,1652373099.2083771,green,4,car,NA,464,252,38.90114027923902,-77.01612474515998,0
116,1652373099.2103715,green,5,car,NA,5,283,38.90322046256652,-77.02613238037814,3
116,1652373099.2143629,green,23,person,Jaywalking,313,393,38.90357228871808,-77.02583891287847,1
117,1652373099.9350545,green,3,person,Jaywalking,560,322,38.90368076758584,-77.02596831531757,1
117,1652373099.9360507,green,4,car,NA,463,252,38.901157546155154,-77.01611607578718,0
117,1652373099.9380457,green,5,car,NA,6,283,38.90322149384386,-77.02613262729682,3
117,1652373099.941042,green,23,person,Jaywalking,305,391,38.903570318140765,-77.02583997029426,1
118,1652373100.6696076,green,3,person,Jaywalking,560,322,38.90368076758584,-77.02596831531757,1
118,1652373100.6706078,green,4,car,NA,462,252,38.90117485962879,-77.01610738303822,0
118,1652373100.6726005,green,5,car,NA,6,283,38.90322149384386,-77.02613262729682,3
118,1652373100.6855657,green,23,person,Jaywalking,298,391,38.90356868806462,-77.0258396202025,1
119,1652373101.4124618,green,3,person,Jaywalking,560,322,38.90368076758584,-77.02596831531757,1
119,1652373101.4134598,green,4,car,NA,461,253,38.89691363081338,-76.99882295038422,0
119,1652373101.416454,green,5,car,NA,6,283,38.90322149384386,-77.02613262729682,3
119,1652373101.4204426,green,23,person,Jaywalking,289,392,38.90356668699785,-77.02583844505021,1
120,1652373102.1385212,green,3,person,Jaywalking,560,322,38.90368076758584,-77.02596831531757,1
120,1652373102.13952,green,4,car,NA,460,253,38.89694616279744,-76.99873312277587,0
120,1652373102.1415164,green,5,car,NA,6,283,38.90322149384386,-77.02613262729682,3
120,1652373102.1455052,green,23,person,Jaywalking,281,391,38.90356473075825,-77.02583877029109,1
121,1652373102.8492503,green,3,person,Jaywalking,560,322,38.90368076758584,-77.02596831531757,1
121,1652373102.850248,green,4,car,NA,459,253,38.89697894189284,-76.99864261282319,0
121,1652373102.8522432,green,5,car,NA,5,283,38.90322046256652,-77.02613238037814,3
121,1652373102.8562331,green,23,person,Jaywalking,273,391,38.90356286920688,-77.02583837048539,1
122,1652373103.559352,green,5,car,NA,6,283,38.90322149384386,-77.02613262729682,3
122,1652373103.5603495,green,23,person,Jaywalking,266,390,38.903561106036555,-77.02583874782158,1
123,1652373104.2833803,green,5,car,NA,5,284,38.903231901972255,-77.02611983742035,3
123,1652373104.2843778,green,23,person,Jaywalking,260,387,38.90355925268892,-77.02584068530153,1
124,1652373104.9525099,green,5,car,NA,5,284,38.903231901972255,-77.02611983742035,3
124,1652373104.9535103,green,23,person,Jaywalking,252,384,38.903556824850014,-77.02584260584034,1
125,1652373105.6237166,green,3,person,Jaywalking,558,319,38.90368442570883,-77.02597866314997,1
125,1652373105.6237166,green,4,car,NA,456,255,38.9060299888514,-77.03605543843894,0
125,1652373105.6257112,green,5,car,NA,5,284,38.903231901972255,-77.02611983742035,3
125,1652373105.6297019,green,23,person,Jaywalking,246,383,38.90355516818115,-77.02584308860902,1
126,1652373106.2933881,green,3,person,Jaywalking,558,318,38.90368605641041,-77.02598240152615,1
126,1652373106.2933881,green,4,car,NA,454,256,38.905002264442686,-77.0318328724712,0
126,1652373106.2953799,green,5,car,NA,4,284,38.90323090290667,-77.0261195992377,3
126,1652373106.299373,green,7,person,NA,4,284,38.90323090290667,-77.0261195992377,0
126,1652373106.3003688,green,23,person,Jaywalking,239,381,38.903553030833685,-77.02584434621542,1
127,1652373106.951634,green,4,car,NA,452,256,38.90497374063225,-77.03181702793596,0
127,1652373106.952629,green,5,car,NA,4,284,38.90323090290667,-77.0261195992377,3
127,1652373106.95462,green,7,person,NA,4,283,38.90321943143182,-77.02613213349363,0
127,1652373106.9616008,green,23,person,Jaywalking,232,380,38.903551053368176,-77.02584479945648,1
128,1652373107.6081066,green,4,car,NA,451,256,38.9049595152637,-77.0318091259643,0
128,1652373107.6081066,green,7,person,NA,4,283,38.90321943143182,-77.02613213349363,0
128,1652373107.6111016,green,23,person,Jaywalking,225,380,38.90354928624203,-77.02584441889049,1
129,1652373108.2683806,green,3,person,Jaywalking,557,317,38.90368722741698,-77.0259861443024,1
129,1652373108.269378,green,4,car,NA,450,257,38.90455120520435,-77.0300516037313,0
129,1652373108.270373,green,7,person,NA,4,283,38.90321943143182,-77.02613213349363,0
129,1652373108.2743676,green,23,person,Jaywalking,219,380,38.903547771888704,-77.02584409276126,1
130,1652373108.9296138,green,3,person,Jaywalking,557,317,38.90368722741698,-77.0259861443024,1
130,1652373108.9296138,green,4,car,NA,450,257,38.90455120520435,-77.0300516037313,0
130,1652373108.9316065,green,7,person,NA,4,283,38.90321943143182,-77.02613213349363,0
130,1652373108.935598,green,23,person,Jaywalking,214,379,38.90354624688207,-77.02584465703464,1
131,1652373109.611818,green,4,car,NA,449,257,38.904541356211986,-77.03004706134715,0
131,1652373109.611818,green,7,person,NA,4,283,38.90321943143182,-77.02613213349363,0
131,1652373109.6178017,green,23,person,Jaywalking,206,374,38.90354274700196,-77.02584858741355,1
132,1652373110.2750432,green,4,car,NA,448,258,38.904318546841566,-77.0290795178933,0
132,1652373110.2750432,green,7,person,NA,3,284,38.90322990397496,-77.02611936108697,0
132,1652373110.28103,green,23,person,Jaywalking,200,373,38.903540837759174,-77.0258491592478,1
133,1652373110.950254,green,4,car,NA,446,258,38.904303498631066,-77.02907339080805,0
133,1652373110.95125,green,7,person,NA,3,284,38.90322990397496,-77.02611936108697,0
133,1652373110.954245,green,23,person,Jaywalking,194,372,38.90353889683422,-77.0258497405711,1
134,1652373111.6533751,green,4,car,NA,445,258,38.904295985133295,-77.02907033158378,0
134,1652373111.654371,green,7,person,NA,3,285,38.90324069753211,-77.02610760858613,0
134,1652373111.656368,green,23,person,Jaywalking,189,372,38.90353755163259,-77.02584945020224,1
135,1652373112.3545432,green,4,car,NA,445,258,38.904295985133295,-77.02907033158378,0
135,1652373112.3555412,green,7,person,NA,3,285,38.90324069753211,-77.02610760858613,0
135,1652373112.3575356,green,23,person,Jaywalking,181,371,38.903535024708376,-77.02584992164533,1
136,1652373113.0506816,green,4,car,NA,444,259,38.90415908157223,-77.02845958891557,0
136,1652373113.051678,green,7,person,NA,3,285,38.90324069753211,-77.02610760858613,0
136,1652373113.0536754,green,23,person,Jaywalking,175,370,38.90353300224133,-77.02585051913522,1
137,1652373113.73737,green,4,car,NA,443,259,38.90415300038555,-77.0284573259032,0
137,1652373113.73737,green,7,person,NA,4,285,38.903241666336285,-77.0261078386244,0
137,1652373113.739364,green,23,person,Jaywalking,169,369,38.90353094536086,-77.02585112679165,1
137,1652373113.743356,green,24,car,NA,486,251,38.90184738349407,-77.01992149253331,0
138,1652373114.451462,green,4,car,NA,441,260,38.90405430458299,-77.0280341962448,0
138,1652373114.451462,green,7,person,NA,4,285,38.903241666336285,-77.0261078386244,0
138,1652373114.4534564,green,23,person,Jaywalking,163,362,38.90352605753867,-77.02585797364864,1
138,1652373114.4574492,green,24,car,NA,486,251,38.90184738349407,-77.01992149253331,0
139,1652373115.1766896,green,4,car,NA,440,260,38.904049200851816,-77.02803242227925,0
139,1652373115.1776865,green,7,person,NA,4,285,38.903241666336285,-77.0261078386244,0
139,1652373115.1846697,green,22,car,NA,438,259,38.90412266434211,-77.0284460368506,0
139,1652373115.185667,green,23,person,Jaywalking,156,365,38.90352549454318,-77.02585434357825,1
139,1652373115.1866643,green,24,car,NA,486,251,38.90184738349407,-77.01992149253331,0
140,1652373115.9057403,green,7,person,NA,4,285,38.903241666336285,-77.0261078386244,0
140,1652373115.9067376,green,22,car,NA,438,260,38.90403900331232,-77.02802887779615,0
140,1652373115.9087324,green,23,person,Jaywalking,151,361,38.903522009893756,-77.02585830955273,1
140,1652373115.911725,green,24,car,NA,486,251,38.90184738349407,-77.01992149253331,0
141,1652373116.670464,green,7,person,NA,4,285,38.903241666336285,-77.0261078386244,0
141,1652373116.671462,green,22,car,NA,437,261,38.90397328381018,-77.0277216557004,0
141,1652373116.6734576,green,23,person,Jaywalking,145,361,38.90352023475371,-77.02585792495356,1
141,1652373116.6774518,green,24,car,NA,487,251,38.90183648981578,-77.01992361965779,0
142,1652373117.4372132,green,4,car,NA,436,262,38.90392307012591,-77.02748691939313,0
142,1652373117.4372132,green,7,person,NA,4,285,38.903241666336285,-77.0261078386244,0
142,1652373117.439204,green,22,car,NA,438,261,38.90397768055251,-77.02772310407458,0
142,1652373117.443199,green,23,person,Jaywalking,139,361,38.90351846002805,-77.02585754044414,1
142,1652373117.4441934,green,24,car,NA,487,251,38.90183648981578,-77.01992361965779,0
143,1652373118.1887162,green,4,car,NA,434,263,38.903880006466316,-77.02730067333209,0
143,1652373118.1897163,green,7,person,NA,4,285,38.903241666336285,-77.0261078386244,0
143,1652373118.1917052,green,23,person,Jaywalking,132,360,38.90351579935097,-77.02585819875047,1
143,1652373118.195698,green,24,car,NA,487,251,38.90183648981578,-77.01992361965779,0
143,1652373118.195698,green,25,car,NA,437,251,38.90240356122208,-77.01981289200396,0
144,1652373118.929523,green,4,car,NA,433,263,38.903876560783765,-77.02729962465176,0
144,1652373118.9305205,green,7,person,NA,4,285,38.903241666336285,-77.0261078386244,0
144,1652373118.9335115,green,23,person,NA,127,354,38.90351042985164,-77.02586495582435,0
144,1652373118.9365065,green,24,car,NA,487,251,38.90183648981578,-77.01992361965779,0
144,1652373118.9365065,green,25,car,NA,436,251,38.90241538823726,-77.01981058263318,0
145,1652373119.6723838,green,4,car,NA,431,265,38.90381926135019,-77.02702651648198,0
145,1652373119.6733813,green,7,person,NA,4,285,38.903241666336285,-77.0261078386244,0
145,1652373119.6753767,green,23,person,NA,120,353,38.90350750490011,-77.02586573291882,0
145,1652373119.6783693,green,24,car,NA,487,251,38.90183648981578,-77.01992361965779,0
146,1652373120.3560686,green,4,car,NA,429,266,38.903794894915805,-77.0269220524547,0
146,1652373120.3570688,green,7,person,NA,5,285,38.903242635266295,-77.02610806869254,0
146,1652373120.358064,green,23,person,NA,115,356,38.90350805482569,-77.02586169711743,0
146,1652373120.3620536,green,24,car,NA,487,251,38.90183648981578,-77.01992361965779,0
147,1652373121.0192988,green,4,car,NA,427,267,38.903774149884235,-77.02683311414157,0
147,1652373121.0202959,green,7,person,NA,5,285,38.903242635266295,-77.02610806869254,0
147,1652373121.0222907,green,23,person,NA,109,354,38.903504744326504,-77.02586372058136,0
147,1652373121.02628,green,24,car,NA,487,251,38.90183648981578,-77.01992361965779,0
148,1652373121.703469,green,4,car,NA,427,267,38.903774149884235,-77.02683311414157,0
148,1652373121.7044659,green,7,person,NA,5,284,38.903231901972255,-77.02611983742035,0
148,1652373121.7064614,green,23,person,NA,105,354,38.903503481454244,-77.02586344620839,0
148,1652373121.714439,green,24,car,NA,487,251,38.90183648981578,-77.01992361965779,0
149,1652373122.3806586,green,4,car,NA,425,268,38.90375627476589,-77.02675647975072,0
149,1652373122.3816555,green,7,person,NA,4,284,38.90323090290667,-77.0261195992377,0
149,1652373122.3836522,green,23,person,NA,98,355,38.90350203902286,-77.0258617485333,0
149,1652373122.3866417,green,24,car,NA,487,251,38.90183648981578,-77.01992361965779,0
150,1652373123.0863864,green,4,car,NA,424,268,38.90375403804373,-77.02675587238984,0
150,1652373123.087385,green,7,person,NA,4,284,38.90323090290667,-77.0261195992377,0
150,1652373123.0893793,green,23,person,NA,92,354,38.9034993785693,-77.02586255481143,0
150,1652373123.0933726,green,24,car,NA,486,251,38.90184738349407,-77.01992149253331,0
150,1652373123.0933726,green,27,car,NA,424,268,38.90375403804373,-77.02675587238984,0
151,1652373123.818429,green,4,car,NA,422,269,38.90373862261869,-77.02668920220493,0
151,1652373123.818429,green,7,person,NA,4,284,38.90323090290667,-77.0261195992377,0
151,1652373123.8204587,green,23,person,NA,86,352,38.90349582919393,-77.02586463524977,0
151,1652373123.8244178,green,24,car,NA,487,252,38.90075557138209,-77.0163178992803,0
151,1652373123.8254156,green,27,car,NA,422,269,38.90373862261869,-77.02668920220493,0
152,1652373124.5630202,green,4,car,NA,420,270,38.903725080384845,-77.02663063338571,0
152,1652373124.5630202,green,7,person,NA,4,284,38.90323090290667,-77.0261195992377,0
152,1652373124.5660124,green,23,person,NA,81,349,38.90349155685118,-77.02586820584703,0
152,1652373124.570001,green,24,car,NA,487,252,38.90075557138209,-77.0163178992803,0
152,1652373124.570001,green,27,car,NA,420,270,38.903725080384845,-77.02663063338571,0
152,1652373124.5709977,green,28,car,NA,417,270,38.9037191997517,-77.02662908134806,0
153,1652373125.293993,green,4,car,NA,416,270,38.903717240537986,-77.0266285642654,0
153,1652373125.294989,green,7,person,NA,4,283,38.90321943143182,-77.02613213349363,0
153,1652373125.2969892,green,23,person,NA,75,348,38.90348862115975,-77.0258691295447,0
153,1652373125.29998,green,24,car,NA,487,252,38.90075557138209,-77.0163178992803,0
153,1652373125.300978,green,27,car,NA,416,271,38.903709395949924,-77.02657781073927,0
153,1652373125.3039675,green,28,car,NA,415,271,38.90370754985458,-77.02657732934954,0
154,1652373126.0290406,green,4,car,NA,415,272,38.90370065202756,-77.02653208294612,0
154,1652373126.0290406,green,7,person,NA,4,283,38.90321943143182,-77.02613213349363,0
154,1652373126.0310364,green,23,person,NA,70,346,38.9034849576785,-77.02587155772005,0
154,1652373126.0350277,green,24,car,NA,487,252,38.90075557138209,-77.0163178992803,0
154,1652373126.0350277,green,27,car,NA,415,272,38.90370065202756,-77.02653208294612,0
154,1652373126.0360265,green,28,car,NA,413,271,38.90370385899185,-77.02657636691637,0
155,1652373126.7850893,green,4,car,NA,413,274,38.90368572339935,-77.02645401120746,0
155,1652373126.7860866,green,7,person,NA,4,283,38.90321943143182,-77.02613213349363,0
155,1652373126.7880833,green,23,person,NA,65,345,38.90348220237112,-77.02587262250395,0
155,1652373126.7910738,green,24,car,NA,486,252,38.900771817245904,-77.01630974255687,0
155,1652373126.7920694,green,27,car,NA,413,273,38.90369114993958,-77.02649062253815,0
156,1652373127.5510545,green,4,car,NA,411,274,38.90368257664721,-77.02645321473916,0
156,1652373127.5510545,green,7,person,NA,4,284,38.90323090290667,-77.0261195992377,0
156,1652373127.553049,green,23,person,NA,59,344,38.90347903794752,-77.02587363410646,0
156,1652373127.557039,green,24,car,NA,486,252,38.900771817245904,-77.01630974255687,0
156,1652373127.5580337,green,27,car,NA,411,275,38.90367780089613,-77.02642004577037,0
157,1652373128.3030438,green,4,car,NA,410,271,38.9036983260155,-77.02657492413176,0
157,1652373128.3050406,green,7,person,NA,4,284,38.90323090290667,-77.0261195992377,0
157,1652373128.3060365,green,23,person,NA,54,345,38.90347840051638,-77.02587179304996,0
157,1652373128.3100276,green,24,car,NA,486,252,38.900771817245904,-77.01630974255687,0
157,1652373128.311025,green,27,car,NA,410,274,38.90368100375432,-77.02645281662728,0
157,1652373128.3120205,green,28,car,NA,403,275,38.90366581359662,-77.0264170366273,0
158,1652373129.0665584,green,4,car,NA,408,270,38.90370158475204,-77.02662443233484,0
158,1652373129.0665584,green,7,person,NA,4,284,38.90323090290667,-77.0261195992377,0
158,1652373129.0685525,green,23,person,NA,49,346,38.90347777689172,-77.02586999187005,0
158,1652373129.0715437,green,24,car,NA,486,252,38.900771817245904,-77.01630974255687,0
158,1652373129.0725439,green,27,car,NA,406,274,38.903674715401344,-77.0264512249945,0
158,1652373129.0745378,green,28,car,NA,402,277,38.903657132979816,-77.0263591083581,0
159,1652373129.8149238,green,4,car,NA,406,271,38.90369095490026,-77.02657300203217,0
159,1652373129.8149238,green,7,person,NA,4,285,38.903241666336285,-77.0261078386244,0
159,1652373129.8169186,green,23,person,NA,44,338,38.903466353633846,-77.02588191211568,0
159,1652373129.8209107,green,24,car,NA,486,252,38.900771817245904,-77.01630974255687,0
159,1652373129.8219035,green,27,car,NA,402,278,38.90365397984409,-77.02633384626918,0
159,1652373129.8239045,green,28,car,NA,401,280,38.903647171861024,-77.02628873265591,0
160,1652373130.5963511,green,5,car,NA,3,284,38.90322990397496,-77.02611936108697,3
160,1652373130.5973501,green,7,person,NA,3,285,38.90324069753211,-77.02610760858613,0
160,1652373130.5993397,green,23,person,NA,39,335,38.90346028907963,-77.02588671339836,0
160,1652373130.6003375,green,24,car,NA,486,252,38.900771817245904,-77.01630974255687,0
160,1652373130.6043296,green,27,car,NA,399,280,38.90364474473172,-77.02628814295043,0
160,1652373130.6053295,green,28,car,NA,398,282,38.90363906182726,-77.02624939916325,0
161,1652373131.3384297,green,4,car,NA,400,271,38.90367991146309,-77.0265701223341,0
161,1652373131.3394299,green,5,car,NA,4,285,38.903241666336285,-77.0261078386244,3
161,1652373131.3414254,green,7,person,NA,3,285,38.90324069753211,-77.02610760858613,0
161,1652373131.3454134,green,23,person,Not Jaywalking,34,334,38.90345686328034,-77.02588810568956,3
161,1652373131.3454134,green,24,car,NA,486,253,38.89617317427674,-77.00086750581524,0
161,1652373131.3464117,green,27,car,NA,399,276,38.90365627597706,-77.02638554071943,0
161,1652373131.347408,green,28,car,NA,392,285,38.903627299159915,-77.0261994054326,0
162,1652373132.086441,green,4,car,NA,399,272,38.90367277426643,-77.02652489224018,0
162,1652373132.0874422,green,5,car,NA,4,285,38.903241666336285,-77.0261078386244,3
162,1652373132.0894234,green,24,car,NA,485,253,38.896200335380534,-77.00079250833055,0
162,1652373132.097404,green,27,car,NA,396,278,38.90364610433463,-77.02633191048804,0
162,1652373132.0984013,green,28,car,NA,388,286,38.903621885887496,-77.0261843274129,0
163,1652373132.8485124,green,5,car,NA,4,285,38.903241666336285,-77.0261078386244,3
163,1652373132.8485124,green,24,car,NA,485,254,38.91504826222549,-77.06450833153002,0
163,1652373132.8505068,green,27,car,NA,390,283,38.9036283414166,-77.02623003878585,0
163,1652373132.8554938,green,28,car,NA,388,285,38.90362322193502,-77.0261984373136,0
164,1652373133.5835483,green,5,car,NA,4,285,38.903241666336285,-77.0261078386244,3
164,1652373133.5835483,green,24,car,NA,485,254,38.91504826222549,-77.06450833153002,0
164,1652373133.585542,green,27,car,NA,387,284,38.903623592951625,-77.02621321867421,0
164,1652373133.5895324,green,28,car,NA,385,286,38.903618923404245,-77.0261836266539,0
164,1652373133.5905282,green,30,car,NA,298,480,38.90357299891793,-77.02579994318366,0
165,1652373134.3266177,green,5,car,NA,4,285,38.903241666336285,-77.0261078386244,3
165,1652373134.3276126,green,24,car,NA,485,254,38.91504826222549,-77.06450833153002,0
165,1652373134.3296077,green,28,car,NA,382,288,38.90361386491345,-77.02615724385956,0
165,1652373134.3326056,green,30,car,NA,328,480,38.90357724526704,-77.02580084387242,0
165,1652373134.333598,green,31,car,NA,375,288,38.90360735936293,-77.02615571571816,0
166,1652373135.0676353,green,5,car,NA,4,284,38.90323090290667,-77.0261195992377,3
166,1652373135.0686328,green,23,person,Not Jaywalking,8,334,38.90344669035557,-77.02588587213666,3
166,1652373135.0706272,green,24,car,NA,485,254,38.91504826222549,-77.06450833153002,0
166,1652373135.074618,green,27,car,NA,377,291,38.90360686140069,-77.02612284682115,0
166,1652373135.0756228,green,28,car,NA,378,290,38.90360848228429,-77.0261335473141,0
166,1652373135.0835953,green,30,car,NA,342,480,38.90357922770562,-77.02580126436547,0
166,1652373135.088581,green,31,car,NA,375,289,38.90360658214846,-77.02614400419439,0
167,1652373135.760534,green,5,car,NA,4,284,38.90323090290667,-77.0261195992377,3
167,1652373135.760534,green,23,person,Not Jaywalking,4,335,38.90344675928218,-77.025883744731,3
167,1652373135.7625277,green,27,car,NA,366,294,38.90359614942906,-77.02609245116916,0
167,1652373135.7655203,green,28,car,NA,376,288,38.90360828838845,-77.0261559339444,0
168,1652373136.435243,green,5,car,NA,5,284,38.903231901972255,-77.02611983742035,3
168,1652373136.435243,green,23,person,NA,0,334,38.90344356297442,-77.02588518549324,3
168,1652373136.4372375,green,27,car,NA,358,296,38.90358934955271,-77.02607446549949,0
168,1652373136.4412267,green,28,car,NA,371,293,38.90360062005623,-77.0261023182248,0
168,1652373136.4412267,green,32,car,NA,395,412,38.90358976663492,-77.02583044634447,1
169,1652373137.1338131,green,5,car,NA,5,284,38.903231901972255,-77.02611983742035,3
169,1652373137.1338131,green,27,car,NA,349,300,38.903582326079956,-77.02604425290293,0
169,1652373137.1368082,green,28,car,NA,366,296,38.903595376634215,-77.02607585085701,0
169,1652373137.1397994,green,31,car,NA,366,296,38.903595376634215,-77.02607585085701,0
169,1652373137.140797,green,32,car,NA,407,396,38.90359360388486,-77.02584134254921,1
170,1652373137.829953,green,5,car,NA,5,284,38.903231901972255,-77.02611983742035,3
170,1652373137.829953,green,27,car,NA,342,301,38.90357755738701,-77.02603676782552,2
170,1652373137.8319478,green,28,car,NA,360,299,38.90359012102188,-77.02605271349188,0
170,1652373137.8359385,green,31,car,NA,364,297,38.90359354414943,-77.02606778350594,0
170,1652373137.8359385,green,32,car,NA,416,378,38.903597939737345,-77.02585670266613,1
171,1652373138.5658665,green,5,car,NA,5,284,38.903231901972255,-77.02611983742035,3
171,1652373138.5668619,green,27,car,NA,336,303,38.90357376752542,-77.02602388518328,2
171,1652373138.5688572,green,28,car,NA,353,302,38.90358485616445,-77.02603229074779,0
171,1652373138.57185,green,31,car,NA,354,301,38.9035856386689,-77.02603860682633,0
171,1652373138.572848,green,32,car,NA,426,366,38.903602744774936,-77.02586992292181,1
172,1652373139.296911,green,5,car,NA,5,284,38.903231901972255,-77.02611983742035,3
172,1652373139.2989051,green,28,car,NA,347,305,38.90358082673967,-77.02601439095187,0
172,1652373139.2999022,green,31,car,NA,342,305,38.90357772107513,-77.02601368892141,0
172,1652373139.3038914,green,32,car,NA,433,360,38.90360615798031,-77.0258777830557,0
172,1652373139.3038914,green,34,car,NA,152,480,38.90355236703969,-77.02579556697707,3
173,1652373140.0179806,green,5,car,NA,5,284,38.903231901972255,-77.02611983742035,3
173,1652373140.0179806,green,28,car,NA,339,307,38.903576000352075,-77.02600303478492,0
173,1652373140.0199785,green,31,car,NA,339,307,38.903576000352075,-77.02600303478492,0
173,1652373140.0229702,green,32,car,NA,438,350,38.90361056938116,-77.02589257737188,0
173,1652373140.023967,green,34,car,NA,200,479,38.9035590531244,-77.02579726322578,3
174,1652373140.7219713,green,5,car,NA,5,284,38.903231901972255,-77.02611983742035,3
174,1652373140.7229714,green,28,car,NA,332,311,38.90357236178378,-77.02598382418662,0
174,1652373140.724964,green,32,car,NA,442,343,38.90361442443583,-77.02590494216943,0
174,1652373140.729956,green,34,car,NA,222,479,38.903562174966964,-77.02579792545356,3
175,1652373141.447551,green,5,car,NA,5,284,38.903231901972255,-77.02611983742035,3
175,1652373141.448548,green,28,car,NA,325,315,38.90356919651233,-77.02596711245998,0
175,1652373141.450542,green,32,car,NA,447,336,38.903619324969945,-77.02591949401422,0
176,1652373142.192786,green,5,car,NA,5,283,38.90322046256652,-77.02613238037814,3
176,1652373142.1937845,green,28,car,NA,316,318,38.903565222254066,-77.02595552564497,3
176,1652373142.1967688,green,32,car,NA,451,329,38.90362470933671,-77.02593665565308,0
176,1652373142.204746,green,35,car,NA,301,415,38.903570912581,-77.02582474928309,1
177,1652373142.9288092,green,5,car,NA,6,283,38.90322149384386,-77.02613262729682,3
177,1652373142.9298067,green,28,car,NA,307,322,38.90356186488224,-77.02594196893217,3
177,1652373142.9318013,green,32,car,NA,456,324,38.90363019080754,-77.02595122096886,0
177,1652373142.9347925,green,35,car,NA,324,397,38.90357495012343,-77.025836646098,1
178,1652373143.655895,green,5,car,NA,6,283,38.90322149384386,-77.02613262729682,3
178,1652373143.656894,green,28,car,NA,298,326,38.903558878275554,-77.02592990932983,3
178,1652373143.6588888,green,32,car,NA,458,318,38.90363589354253,-77.02597124432259,2
178,1652373143.6618829,green,35,car,NA,345,379,38.903579636380435,-77.02585184971134,1
179,1652373144.3350804,green,5,car,NA,6,283,38.90322149384386,-77.02613262729682,3
179,1652373144.3360794,green,28,car,NA,287,330,38.903555369525854,-77.02591892804897,3
179,1652373144.3380733,green,32,car,NA,460,315,38.903639687391134,-77.02598284047191,2
179,1652373144.3410637,green,35,car,NA,359,368,38.903583553069346,-77.02586356713762,1
180,1652373144.9947119,green,5,car,NA,6,283,38.90322149384386,-77.02613262729682,3
180,1652373144.9957085,green,28,car,NA,274,335,38.90355176241523,-77.02590678420168,3
180,1652373144.996706,green,32,car,NA,463,311,38.90364555031437,-77.02600023088263,2
180,1652373145.0006952,green,35,car,NA,372,360,38.903587759407,-77.02587379535383,0
181,1652373145.6639717,green,5,car,NA,7,284,38.90323390050489,-77.02612031388149,3
181,1652373145.6649706,green,28,car,NA,262,340,38.903548941707896,-77.02589612674375,3
181,1652373145.6669655,green,32,car,NA,466,307,38.90365229244543,-77.02602022917067,2
181,1652373145.6699598,green,35,car,NA,383,349,38.90359238567629,-77.02589016085678,0
182,1652373146.3222158,green,5,car,NA,7,284,38.90323390050489,-77.02612031388149,3
182,1652373146.324209,green,28,car,NA,247,345,38.90354538366956,-77.02588640682356,3
182,1652373146.3271995,green,32,car,NA,468,304,38.90365789209979,-77.02603727699983,2
182,1652373146.331191,green,35,car,NA,392,342,38.903596654687405,-77.02590285427526,0
183,1652373147.0004406,green,5,car,NA,7,284,38.90323390050489,-77.02612031388149,3
183,1652373147.0004406,green,28,car,NA,232,350,38.90354219504456,-77.02587769607408,3
183,1652373147.0024354,green,32,car,NA,470,301,38.90366420121985,-77.02605648475691,2
183,1652373147.0064251,green,35,car,NA,399,335,38.903600870097826,-77.02591755926123,0
184,1652373147.7025652,green,5,car,NA,7,285,38.90324457350364,-77.02610852891853,3
184,1652373147.7035618,green,28,car,NA,216,357,38.903539789435875,-77.02586725162551,3
184,1652373147.7055562,green,32,car,NA,472,299,38.90366934496944,-77.0260708098084,2
184,1652373147.7095451,green,35,car,NA,406,328,38.90360587871794,-77.02593503127011,0
185,1652373148.4403765,green,5,car,NA,7,285,38.90324457350364,-77.02610852891853,3
185,1652373148.441375,green,7,person,NA,7,285,38.90324457350364,-77.02610852891853,0
185,1652373148.443369,green,28,car,NA,196,363,38.9035361427827,-77.02585896636317,3
185,1652373148.4463594,green,32,car,NA,472,296,38.90367568688114,-77.02609431060618,2
185,1652373148.4473577,green,35,car,NA,412,323,38.9036105374636,-77.0259497715708,0
186,1652373149.1624439,green,5,car,NA,5,285,38.903242635266295,-77.02610806869254,3
186,1652373149.1634414,green,7,person,NA,7,285,38.90324457350364,-77.02610852891853,0
186,1652373149.1664352,green,28,car,NA,178,370,38.9035338226775,-77.02585069634127,3
186,1652373149.1694238,green,32,car,NA,474,296,38.90367721028422,-77.0260946607686,2
186,1652373149.170424,green,35,car,NA,418,318,38.90361591995445,-77.02596680180575,2
187,1652373149.8795996,green,5,car,NA,4,285,38.903241666336285,-77.0261078386244,3
187,1652373149.8805966,green,28,car,NA,157,379,38.90353176419183,-77.02584153721212,3
187,1652373149.881593,green,32,car,NA,476,294,38.903683636743594,-77.02611265463335,0
187,1652373149.8855848,green,35,car,NA,423,315,38.90362030293875,-77.025978515389,2
188,1652373150.6156297,green,5,car,NA,4,285,38.903241666336285,-77.0261078386244,3
188,1652373150.6156297,green,28,car,NA,133,389,38.90352964106916,-77.02583275409742,3
188,1652373150.618624,green,32,car,NA,477,293,38.90368709509819,-77.02612233790687,0
188,1652373150.6295974,green,35,car,NA,428,311,38.90362592747278,-77.02599583202402,2
189,1652373151.3481882,green,5,car,NA,3,285,38.90324069753211,-77.02610760858613,3
189,1652373151.3491871,green,28,car,NA,120,400,38.90353055400369,-77.02582510259256,3
189,1652373151.3501828,green,32,car,NA,478,289,38.903700144229944,-77.02616591120687,0
189,1652373151.3541732,green,35,car,NA,432,307,38.903631793116645,-77.02601560911958,2
190,1652373152.0672996,green,28,car,NA,106,415,38.903532334352334,-77.02581650264445,3
190,1652373152.068298,green,32,car,NA,479,287,38.90370832590231,-77.02619172729317,0
190,1652373152.0702915,green,35,car,NA,436,304,38.90363744166451,-77.02603264692652,2
191,1652373152.800961,green,24,car,NA,485,252,38.90078810559881,-77.01630156450108,0
191,1652373152.8019576,green,28,car,NA,95,403,38.90352620884,-77.02582223164748,3
191,1652373152.8039556,green,32,car,NA,481,283,38.90372803222495,-77.02625390774982,0
191,1652373152.8069437,green,35,car,NA,439,301,38.90364312701281,-77.02605168904697,2
192,1652373153.519555,green,24,car,NA,485,251,38.901858294741196,-77.01991936197845,0
192,1652373153.5205538,green,28,car,NA,84,402,38.903523492412944,-77.02582228741929,3
192,1652373153.5225523,green,32,car,NA,481,285,38.90371858255622,-77.02622108027121,0
192,1652373153.526541,green,35,car,NA,441,298,38.903648855816044,-77.02607313914443,2
193,1652373154.2323804,green,24,car,NA,486,252,38.900771817245904,-77.01630974255687,0
193,1652373154.233379,green,28,car,NA,72,406,38.9035224541459,-77.02581956442779,3
193,1652373154.2353761,green,32,car,NA,482,284,38.90372421806865,-77.02623720824779,0
193,1652373154.2393637,green,35,car,NA,444,296,38.90365439091942,-77.02608941561289,2
194,1652373154.9729161,green,24,car,NA,486,252,38.900771817245904,-77.01630974255687,0
194,1652373154.9739125,green,32,car,NA,484,281,38.903742414082934,-77.02629238625715,0
194,1652373154.9759085,green,35,car,NA,447,294,38.903660474811396,-77.02610730584345,2
195,1652373155.6991792,green,32,car,NA,485,279,38.90375651053498,-77.02633632140905,0
195,1652373155.7001784,green,35,car,NA,449,292,38.90366635396384,-77.02612686751486,0
196,1652373156.4111245,green,32,car,NA,486,283,38.903733547375296,-77.02625522824204,0
196,1652373156.4121208,green,35,car,NA,451,288,38.90367828849812,-77.02617237683783,0
